<?xml version="1.0" encoding="UTF-8"?>
<Configuration status="INFO">
  <Properties>
    <Property name="root.log.level">INFO</Property>
    <Property name="LOG_PATTERN">%d{yyyy-MM-dd'T'HH:mm:ss.SSSZ} %p %m%n</Property>
  </Properties>
  <Appenders>
    <RollingFile name="LogToRollingFile" fileName="/root/lacchain/logs/pantheon.log"
                    filePattern="/root/lacchain/logs/$${date:yyyy-MM}/app-%d{MM-dd-yyyy}-%i.log.gz">
        <PatternLayout>
            <Pattern>%d %p %c{1.} [%t] %m%n</Pattern>
        </PatternLayout>
        <Policies>
            <TimeBasedTriggeringPolicy />
            <SizeBasedTriggeringPolicy size="10 MB"/>
    	</Policies>
    </RollingFile>

    <RollingFile name="debugLog" fileName="/root/lacchain/logs/pantheon_debug.log"
            filePattern="/root/lacchain/logs/$${date:yyyy-MM}_debug/app-%d{MM-dd-yyyy}-%i.log">
            <LevelRangeFilter minLevel="DEBUG" maxLevel="DEBUG" onMatch="ACCEPT" onMismatch="DENY"/>
            <PatternLayout pattern="${LOG_PATTERN}"/>
            <Policies>
                <SizeBasedTriggeringPolicy size="10 MB" />
            </Policies>
	    <DefaultRolloverStrategy>
                <Delete basePath="/root/lacchain/logs" maxDepth="2">
                  <IfFileName glob="*_debug/app-*.log" />
                  <IfLastModified age="30d" />
                </Delete>
            </DefaultRolloverStrategy>
        
      </RollingFile>
         
        <RollingFile name="infoLog" fileName="/root/lacchain/logs/pantheon_info.log"
            filePattern="/root/lacchain/logs/$${date:yyyy-MM}_info/app-%d{MM-dd-yyyy}-%i.log" >
            <LevelRangeFilter minLevel="INFO" maxLevel="INFO" onMatch="ACCEPT" onMismatch="DENY"/>
            <PatternLayout pattern="${LOG_PATTERN}"/>
            <Policies>
                <SizeBasedTriggeringPolicy size="10 MB" />
            </Policies>
	    <DefaultRolloverStrategy>
                <Delete basePath="/root/lacchain/logs" maxDepth="2">
                  <IfFileName glob="*_info/app-*.log" />
                  <IfLastModified age="30d" />
                </Delete>
            </DefaultRolloverStrategy>
 
        </RollingFile>
         
        <RollingFile name="errorLog" fileName="/root/lacchain/logs/pantheon_error.log"
            filePattern="/root/lacchain/logs/$${date:yyyy-MM}_error/app-%d{MM-dd-yyyy}-%i.log" >
            <LevelRangeFilter minLevel="ERROR" maxLevel="ERROR" onMatch="ACCEPT" onMismatch="DENY"/>
            <PatternLayout pattern="${LOG_PATTERN}"/>
            <Policies>
                <SizeBasedTriggeringPolicy size="10 MB" />
            </Policies>
 	    <DefaultRolloverStrategy>
                <Delete basePath="/root/lacchain/logs" maxDepth="2">
                  <IfFileName glob="*_error/app-*.log" />
                  <IfLastModified age="30d" />
                </Delete>
            </DefaultRolloverStrategy>
        </RollingFile>

  </Appenders>
  <Loggers>
    <Root level="all">
      <AppenderRef ref="infoLog" />
      <AppenderRef ref="debugLog" />
      <AppenderRef ref="errorLog" />
    </Root>
  </Loggers>
</Configuration>


